seed,model,initial_loss,final_loss,loss_ratio,epochs,diffusion_steps,target
1,epsilon_ddpm,0.9950736165046692,0.9776511192321777,0.98249124790014,10,24,epsilon
1,clean_target_ablation,0.029334234073758125,0.009254527278244495,0.31548556048795656,6,0,clean_action
2,epsilon_ddpm,0.9396162033081055,0.9229397773742676,0.9822518748877199,10,24,epsilon
2,clean_target_ablation,0.017867282032966614,0.006414140108972788,0.3589880149167718,6,0,clean_action
